{
	"carName": "lamborghini_huracan_st",
	"basicSetup":
	{
		"tyres":
		{
			"tyreCompound": 1,
			"tyrePressure": [ 73, 72, 72, 72 ]
		},
		"alignment":
		{
			"camber": [ 13, 13, 15, 15 ],
			"toe": [ 30, 30, 60, 60 ],
			"staticCamber": [ -3.2199070453643799, -3.2203967571258545, -3.7506396770477295, -3.7506389617919922 ],
			"toeOutLinear": [ 0.0012529866071417928, 0.0012529686791822314, 0.00040838139830157161, 0.00040839257417246699 ],
			"casterLF": 15,
			"casterRF": 15,
			"steerRatio": 2
		},
		"electronics":
		{
			"tC1": 7,
			"tC2": 0,
			"abs": 7,
			"eCUMap": 2,
			"fuelMix": 0,
			"telemetryLaps": 0
		},
		"strategy":
		{
			"fuel": 60,
			"nPitStops": 0,
			"tyreSet": 0,
			"frontBrakePadCompound": 2,
			"rearBrakePadCompound": 2,
			"pitStrategy": [
				{
					"fuelToAdd": 0,
					"tyres":
					{
						"tyreCompound": 0,
						"tyrePressure": [ 0, 0, 0, 0 ]
					},
					"tyreSet": 2,
					"frontBrakePadCompound": 0,
					"rearBrakePadCompound": 0
				}
			],
			"fuelPerLap": 3.4000000953674316
		}
	},
	"advancedSetup":
	{
		"mechanicalBalance":
		{
			"aRBFront": 3,
			"aRBRear": 1,
			"wheelRate": [ 1, 1, 3, 3 ],
			"bumpStopRateUp": [ 5, 5, 0, 0 ],
			"bumpStopRateDn": [ 0, 0, 10, 10 ],
			"bumpStopWindow": [ 1, 1, 60, 60 ],
			"brakeTorque": 20,
			"brakeBias": 35
		},
		"dampers":
		{
			"bumpSlow": [ 20, 20, 15, 15 ],
			"bumpFast": [ 10, 10, 15, 15 ],
			"reboundSlow": [ 20, 20, 15, 15 ],
			"reboundFast": [ 20, 20, 20, 20 ]
		},
		"aeroBalance":
		{
			"rideHeight": [ 6, 6, 14, 18 ],
			"rodLength": [ -20.263833999633789, -20.263833999633789, 24.648750305175781, 24.648750305175781 ],
			"splitter": 0,
			"rearWing": 17,
			"brakeDuct": [ 3, 4 ]
		},
		"drivetrain":
		{
			"preload": 4
		}
	},
	"trackBopType": 0
}