{"version":1,"cars":[{"body":{"matrix":{"forward":{"x":0.997617364,"y":-0.0258528367,"z":-0.063962914},"up":{"x":0.0260133315,"y":0.999660194,"z":0.00167751801},"position":{"x":-28.9791813,"y":-17.1657391,"z":-327.262115}},"velocity":{"x":0.00074107229,"y":-1.7389526e-05,"z":-3.72644026e-05},"angularVelocity":{"x":-1.8613672e-06,"y":-5.52573729e-05,"z":-3.51183917e-06}},"suspBodies":[{"matrix":{"forward":{"x":0.94828409,"y":-0.0613801032,"z":-0.311431766},"up":{"x":0.079215005,"y":0.995844424,"z":0.0449321419},"position":{"x":-30.2569847,"y":-17.1841698,"z":-326.298828}},"velocity":{"x":0.000701738056,"y":-3.57072031e-06,"z":-0.000105107814},"angularVelocity":{"x":-1.1399612e-05,"y":9.26927e-05,"z":-9.08518559e-05}},{"matrix":{"forward":{"x":0.955289721,"y":0.0457491875,"z":-0.292110592},"up":{"x":-0.0349837579,"y":0.998506,"z":0.0419745706},"position":{"x":-30.4155445,"y":-17.1777172,"z":-328.053406}},"velocity":{"x":0.00079558033,"y":2.56994122e-06,"z":-0.000112688918},"angularVelocity":{"x":-2.39465862e-05,"y":-8.66082264e-05,"z":4.64822324e-06}},{"matrix":{"forward":{"x":0.997697055,"y":-0.0257612951,"z":-0.062745437},"up":{"x":0.0274981782,"y":0.999257803,"z":0.0269768853},"position":{"x":-27.5982132,"y":-17.2354755,"z":-326.482086}},"velocity":{"x":0.000699010736,"y":-1.04515366e-05,"z":3.51761664e-05},"angularVelocity":{"x":-1.25389561e-05,"y":-5.69396761e-05,"z":-3.97706845e-06}},{"matrix":{"forward":{"x":0.99754113,"y":-0.0257536583,"z":-0.0651801},"up":{"x":0.0242355708,"y":0.999418736,"z":-0.0239752419},"position":{"x":-27.7090073,"y":-17.2300091,"z":-328.212341}},"velocity":{"x":0.000793956395,"y":-2.09559967e-05,"z":3.05975e-05},"angularVelocity":{"x":3.50290406e-06,"y":-6.15952304e-05,"z":-7.66677476e-06}}],"drivetrain":{"engineVel":196.57962,"driveVel":-0.00211451529,"outShaftLVel":-0.00211451529,"outShaftRVel":-0.00211451529,"rootVel":-0.0181136876,"currentGearIndex":2,"engineLifeLeft":1000},"fuelTankBody":{"matrix":{"forward":{"x":0.997617364,"y":-0.0258528423,"z":-0.063962914},"up":{"x":0.0260133371,"y":0.999660194,"z":0.00167751673},"position":{"x":-28.5523205,"y":-17.2183285,"z":-327.289642}},"velocity":{"x":0.000742132135,"y":-1.88236572e-05,"z":-1.23118052e-05},"angularVelocity":{"x":-2.09123164e-06,"y":-5.16248765e-05,"z":-3.79657831e-06}},"fuel":4.84763479,"tyresStatus":[{"grain":4.90124083,"blister":0,"marblesLevel":0,"flatSpot":0,"pressureStatic":20.7527885,"pressureDynamic":26.1153641,"dirtyLevel":1.58526039,"patchesTemp":[81.9594574,81.5633469,81.1281891,80.805687,80.6711884,80.6827927,80.6903076,80.5146255,81.3349686,81.8627396,82.1383,82.1720352,82.5203781,82.1208038,81.6826859,81.3583527,81.2224884,81.2293777,81.2182541,80.9842148,81.8686066,82.4194946,82.7017899,82.735611,83.0813065,82.6782837,82.2371902,81.9110413,81.7737885,81.7759323,81.7459869,81.4527435,82.4020233,82.9762192,83.2652893,83.2992],"coreTemp":81.6035461,"tread":[2.90337515,2.88740802,2.8714385],"inflation":1},{"grain":4.96390295,"blister":0,"marblesLevel":0,"flatSpot":0,"pressureStatic":20.7527885,"pressureDynamic":26.191843,"dirtyLevel":2.63615227,"patchesTemp":[89.0617599,88.9396896,88.8556824,88.8426285,88.9037,88.9502945,88.7538681,87.9684601,88.9397278,89.2805557,89.2971725,89.1929703,88.892334,88.7750626,88.6939621,88.6821671,88.7478256,88.8199387,88.7182388,88.216713,88.8958893,89.1362305,89.1254807,89.0190277,88.7229538,88.6104736,88.5322876,88.5217438,88.59198,88.6895676,88.6823883,88.4639435,88.8518372,88.99189,88.9538193,88.8451385],"coreTemp":82.4002075,"tread":[2.87351179,2.89258432,2.91193986],"inflation":1},{"grain":3.67427015,"blister":0,"marblesLevel":0,"flatSpot":0,"pressureStatic":21.3527889,"pressureDynamic":26.5845451,"dirtyLevel":1.55505705,"patchesTemp":[80.0714722,79.7847,80.3302078,80.7735748,81.069458,81.2037048,81.179718,81.0333633,80.8292847,80.6291,80.4576645,80.29,80.5556564,80.0966721,80.8231735,81.3386307,81.6640396,81.8095551,81.7874298,81.6373596,81.4263306,81.2170639,81.0326,80.839035,81.0399628,80.409256,81.3162689,81.9037094,82.2586136,82.4154053,82.3951416,82.2413559,82.0233765,81.8050232,81.6075363,81.3880844],"coreTemp":80.2408371,"tread":[2.87884521,2.87047696,2.85255814],"inflation":1},{"grain":4.06135559,"blister":0,"marblesLevel":0,"flatSpot":0,"pressureStatic":21.3527889,"pressureDynamic":27.0529366,"dirtyLevel":2.61044288,"patchesTemp":[97.571907,97.9219131,98.3296738,98.694191,98.9145508,98.9005508,98.5610886,97.7851105,96.4457397,97.0046768,97.2106247,97.3445587,97.666748,98.0208,98.4349594,98.805,99.0295105,99.0219727,98.7031326,97.9921,96.8366699,97.2016144,97.3344193,97.4437332,97.7616348,98.1197281,98.5403,98.915863,99.1445236,99.1434555,98.845314,98.199646,97.2303925,97.3991,97.4583435,97.542984],"coreTemp":85.1199265,"tread":[2.85650945,2.87977,2.89320779],"inflation":1}],"isEngineIgnitionOn":true,"damage":{"zoneLevel":[0,0,0,0,0],"suspLevel":[0,0,0,0]},"brakeTemps":[300.263458,300.82132,188.043274,188.24707],"brakeCoreTemps":[300.345,300.903198,188.074371,188.278229],"brakeDuct":[1.5,1.5,1.4,1.4],"brakeBias":0.75,"brakeTotalTorque":4200,"brakePadWear":[28870.8242,28871.0781,28850.793,28851.1387],"brakeDiscWear":[31935.4121,31935.5391,31903.5742,31903.7969]}]}