{"version":1,"cars":[{"body":{"matrix":{"forward":{"x":-0.994401395,"y":0.0237515531,"z":0.102964438},"up":{"x":0.0351102501,"y":0.993316889,"z":0.109949276},"position":{"x":33.4024429,"y":-5.12745619,"z":-447.222595}},"velocity":{"x":0.000833121885,"y":-0.000172351269,"z":0.00122335833},"angularVelocity":{"x":1.06170619e-05,"y":1.33246122e-05,"z":4.29799502e-06}},"suspBodies":[{"matrix":{"forward":{"x":-0.995203555,"y":0.0436267704,"z":0.0875593871},"up":{"x":0.0524202399,"y":0.993526578,"z":0.100782469},"position":{"x":34.6662674,"y":-5.11075306,"z":-448.242035}},"velocity":{"x":0.00079220545,"y":-0.000136804854,"z":0.00115878892},"angularVelocity":{"x":6.99797602e-05,"y":-0.000154753565,"z":0.000708556734}},{"matrix":{"forward":{"x":-0.995873272,"y":0.0352022126,"z":0.0836491585},"up":{"x":0.0453646779,"y":0.991384566,"z":0.122876808},"position":{"x":34.8388138,"y":-5.30929565,"z":-446.494507}},"velocity":{"x":0.000851481513,"y":-0.000170271393,"z":0.0011877137},"angularVelocity":{"x":1.82358781e-05,"y":6.55647746e-05,"z":-0.000104634069}},{"matrix":{"forward":{"x":-0.994519472,"y":0.0239803,"z":0.101763979},"up":{"x":0.0329993889,"y":0.995583355,"z":0.0878911167},"position":{"x":31.9928455,"y":-5.02758217,"z":-447.946167}},"velocity":{"x":0.000823046605,"y":-0.00016416068,"z":0.00124624511},"angularVelocity":{"x":1.62065116e-05,"y":1.27993699e-05,"z":-7.53555378e-06}},{"matrix":{"forward":{"x":-0.994276166,"y":0.0237006247,"z":0.104178421},"up":{"x":0.0381392725,"y":0.989575744,"z":0.138871446},"position":{"x":32.1654282,"y":-5.22947,"z":-446.232758}},"velocity":{"x":0.000850152283,"y":-0.000209679405,"z":0.0012397985},"angularVelocity":{"x":3.52647294e-05,"y":1.53563051e-05,"z":4.20136621e-06}}],"drivetrain":{"engineVel":196.57962,"driveVel":0.00203730632,"outShaftLVel":0.00203730632,"outShaftRVel":0.00203730632,"rootVel":0.0174522884,"currentGearIndex":2,"engineLifeLeft":1000},"fuelTankBody":{"matrix":{"forward":{"x":-0.994401395,"y":0.0237515494,"z":0.102964446},"up":{"x":0.0351102501,"y":0.993316889,"z":0.109949283},"position":{"x":32.9744263,"y":-5.15850306,"z":-447.183}},"velocity":{"x":0.000832528516,"y":-0.000174244196,"z":0.00122431212},"angularVelocity":{"x":1.33036156e-05,"y":1.63520745e-05,"z":3.30240141e-06}},"fuel":4.25000477,"tyresStatus":[{"grain":6.93667173,"blister":0,"marblesLevel":0,"flatSpot":0,"pressureStatic":20.753891,"pressureDynamic":26.2630749,"dirtyLevel":0,"patchesTemp":[77.7481537,79.7253723,77.5094299,76.1538162,75.6488571,75.507,75.648056,75.8520432,75.8973846,75.8959808,75.9633484,76.3805084,83.8709717,86.680954,83.5220871,81.5770874,80.9156189,80.7298126,80.8840485,81.1300659,81.2130661,81.2322769,81.3362732,81.916893,90.0034866,93.6475754,89.5442429,87.0088196,86.1905441,85.9607086,86.1281586,86.416275,86.5369949,86.5768661,86.7175751,87.4619598],"coreTemp":83.2971039,"tread":[2.75870919,2.72240305,2.68493652],"inflation":1},{"grain":6.93173647,"blister":0,"marblesLevel":0,"flatSpot":0,"pressureStatic":20.753891,"pressureDynamic":25.4802742,"dirtyLevel":0,"patchesTemp":[85.3882675,89.2714767,84.4460373,81.9136276,81.2813873,81.2280731,81.2431564,81.4222336,81.2833,81.4969406,81.8103638,82.5712662,77.4904633,80.5411377,76.715683,74.7328873,74.2421341,74.1982117,74.2061081,74.344635,74.2264786,74.4005661,74.6577606,75.2689056,69.6383209,71.863884,69.0294266,67.590683,67.2399826,67.2052765,67.206,67.304306,67.206871,67.3418655,67.5434799,68.0064621],"coreTemp":75.1429443,"tread":[2.70256042,2.74835443,2.79368305],"inflation":1},{"grain":5.57408333,"blister":0,"marblesLevel":0,"flatSpot":0,"pressureStatic":21.3538914,"pressureDynamic":26.7449379,"dirtyLevel":0,"patchesTemp":[73.0125,73.2275238,73.1876068,73.0222321,73.0089,73.018486,73.0279617,73.0959549,73.2345047,73.1450348,73.173912,73.108963,77.3127441,77.6387,77.6048431,77.406723,77.3948746,77.398941,77.3980484,77.4788589,77.6516724,77.5526505,77.5815277,77.4976425,81.6023102,82.0385056,82.0106735,81.779892,81.769516,81.7680435,81.7567825,81.8503876,82.0573883,81.9488449,81.9777069,81.8749847],"coreTemp":82.0665207,"tread":[2.69324851,2.67180467,2.62719655],"inflation":1},{"grain":6.1631,"blister":0,"marblesLevel":0,"flatSpot":0,"pressureStatic":21.3538914,"pressureDynamic":25.9222031,"dirtyLevel":0,"patchesTemp":[76.0182,76.0331,76.1542664,76.1090927,76.0407639,75.9476929,75.8764191,75.9241257,76.1173553,76.0816574,76.2427292,76.132019,69.5131,69.5296,69.6288,69.59021,69.5360565,69.4600143,69.4008865,69.4410934,69.6044159,69.6063232,69.701683,69.6052322,63.0201416,63.03825,63.1155243,63.0834808,63.0434608,62.9843903,62.9374199,62.9701958,63.1036491,63.1425552,63.1728477,63.0906487],"coreTemp":73.4963531,"tread":[2.64058542,2.6986177,2.73435497],"inflation":1}],"isEngineIgnitionOn":true,"damage":{"zoneLevel":[0,0,0,0,0],"suspLevel":[0,0,0,0]},"brakeTemps":[550.479919,548.237732,302.54541,301.580688],"brakeCoreTemps":[550.831787,548.585815,302.627899,301.662598],"brakeDuct":[1.5,1.5,1.4,1.4],"brakeBias":0.75,"brakeTotalTorque":4200,"brakePadWear":[28869.5117,28869.7031,28849.2051,28849.6621],"brakeDiscWear":[31934.7559,31934.8516,31902.5469,31902.8418]}]}