{"version":1,"cars":[{"body":{"matrix":{"forward":{"x":-0.880191922,"y":0.0601998232,"z":-0.470784575},"up":{"x":0.0477650464,"y":0.998122931,"z":0.0383283943},"position":{"x":-1201.68042,"y":26.4440289,"z":-2211.12061}},"velocity":{"x":9.81331348,"y":-0.685462534,"z":5.19488764},"angularVelocity":{"x":2.10390863e-05,"y":0.0563585311,"z":0.00120853446}},"suspBodies":[{"matrix":{"forward":{"x":-0.887277901,"y":0.0700779557,"z":-0.455880433},"up":{"x":0.0627362132,"y":0.99754113,"z":0.031238867},"position":{"x":-1200.07019,"y":26.3222675,"z":-2211.26196}},"velocity":{"x":9.80554867,"y":-0.681305528,"z":5.10449409},"angularVelocity":{"x":-0.000233697239,"y":0.0559828728,"z":0.00178190938}},{"matrix":{"forward":{"x":-0.885408461,"y":0.0764389932,"z":-0.458485454},"up":{"x":0.058450561,"y":0.996865332,"z":0.0533206835},"position":{"x":-1200.9021,"y":26.3031559,"z":-2209.70313}},"velocity":{"x":9.89312553,"y":-0.686440766,"z":5.15113974},"angularVelocity":{"x":0.000375307631,"y":0.0560913198,"z":0.000683082}},{"matrix":{"forward":{"x":-0.879545569,"y":0.060360007,"z":-0.471970648},"up":{"x":0.0603738725,"y":0.998061121,"z":0.0151310386},"position":{"x":-1202.44287,"y":26.5004387,"z":-2212.51196}},"velocity":{"x":9.73482704,"y":-0.685036242,"z":5.23807669},"angularVelocity":{"x":0.0012848255,"y":0.0561694503,"z":0.00187667424}},{"matrix":{"forward":{"x":-0.880813599,"y":0.0603429712,"z":-0.469602138},"up":{"x":0.0358723067,"y":0.997499526,"z":0.0608925447},"position":{"x":-1203.2616,"y":26.4817486,"z":-2210.98364}},"velocity":{"x":9.82078,"y":-0.688743234,"z":5.28409386},"angularVelocity":{"x":0.00129656389,"y":0.0561405271,"z":0.00192725833}}],"drivetrain":{"engineVel":270.158417,"driveVel":31.5292416,"outShaftLVel":31.5292416,"outShaftRVel":31.5292416,"rootVel":270.158417,"currentGearIndex":2,"engineLifeLeft":1000},"fuelTankBody":{"matrix":{"forward":{"x":-0.880192,"y":0.0601998,"z":-0.470784575},"up":{"x":0.0477650277,"y":0.998122931,"z":0.0383283868},"position":{"x":-1202.05994,"y":26.4284172,"z":-2211.32422}},"velocity":{"x":9.8018589,"y":-0.685917,"z":5.21627712},"angularVelocity":{"x":1.96042511e-05,"y":0.056350451,"z":0.00120809441}},"fuel":16.9293404,"tyresStatus":[{"grain":2.00429463,"blister":0,"marblesLevel":0.0275742467,"flatSpot":0,"pressureStatic":21.3248,"pressureDynamic":26.8499832,"dirtyLevel":0,"patchesTemp":[89.9180908,88.7750549,88.8499756,89.3144531,90.0041428,90.1488,88.5062332,87.8586807,87.9381714,87.9508286,88.4490433,89.4378052,95.5413742,94.6252823,94.6707535,94.8894119,95.4605484,95.5786591,94.1907196,93.6699905,93.5434799,93.7559433,94.0651474,94.8755112,101.118782,100.430885,100.448189,100.420769,100.872261,100.963844,99.8323288,99.4395905,99.1071396,99.5191574,99.6388245,100.268898],"coreTemp":83.025322,"tread":[2.91997623,2.90795588,2.89560676],"inflation":1},{"grain":2.07836843,"blister":0,"marblesLevel":0.0251710322,"flatSpot":0,"pressureStatic":21.9248,"pressureDynamic":27.340601,"dirtyLevel":0,"patchesTemp":[88.701149,88.6348648,88.8475266,88.5390778,89.2037659,90.5269,90.6713257,91.1809,91.3267365,90.8781052,90.4153137,89.8111343,79.5950165,79.545578,79.6966858,79.4575729,80.0686951,81.2322159,81.2830887,81.5630569,81.5893555,81.2076263,80.8446198,80.4028778,70.4065,70.374588,70.4640732,70.2949219,70.8501892,71.8491058,71.8051376,71.8543091,71.7616806,71.4483719,71.1868439,70.9090271],"coreTemp":81.8859177,"tread":[2.90022016,2.91417718,2.9276886],"inflation":1},{"grain":0.693798184,"blister":0,"marblesLevel":0.0272497442,"flatSpot":0,"pressureStatic":21.1248,"pressureDynamic":26.4160576,"dirtyLevel":0,"patchesTemp":[81.0242615,80.8955078,80.7798,81.0545044,80.9296875,80.8877106,80.2733612,80.9755173,81.7673111,82.1666107,81.3546066,80.9229,83.7676086,83.6805115,83.6257553,83.877594,83.6828613,83.784584,83.2109222,83.6629639,84.3199463,84.529953,83.7916489,83.5411301,86.5138779,86.4684219,86.4745941,86.7035904,86.438942,86.6843796,86.151329,86.3533249,86.8755417,86.8962936,86.2316208,86.162262],"coreTemp":80.5885925,"tread":[2.90260148,2.88530684,2.87526894],"inflation":1},{"grain":0.66161263,"blister":0,"marblesLevel":0.0238118861,"flatSpot":0,"pressureStatic":21.5248013,"pressureDynamic":26.7861977,"dirtyLevel":0,"patchesTemp":[79.8637543,79.7024612,79.1501846,79.0276794,79.0965424,80.5253372,82.1060562,84.4855804,82.5864792,80.7866669,80.0030289,80.031929,72.5683365,72.4133072,72.0398331,72.0067062,72.1297836,73.424881,75.2254868,77.5189819,75.5617218,73.5151062,72.6600266,72.6843719,65.2467499,65.0980835,64.9042435,64.9607086,65.1377106,66.2960587,68.3124161,70.5148926,68.5038834,66.2152481,65.2904663,65.3103638],"coreTemp":80.2775421,"tread":[2.8813827,2.8936038,2.91321],"inflation":1}],"isEngineIgnitionOn":true,"damage":{"zoneLevel":[0,0,0,0,0],"suspLevel":[0,0,0,0]},"brakeTemps":[604.699,591.191467,299.261475,294.640869],"brakeCoreTemps":[605.822327,592.271851,299.565735,294.938477],"brakeDuct":[1.05,1.05,0.95,0.95],"brakeBias":0.78,"brakeTotalTorque":4200,"brakePadWear":[28477.7,28481.9336,28528.7832,28531.9121],"brakeDiscWear":[31932.168,31932.7188,31920.6641,31921.1914]}]}