{
	"carName": "mclaren_720s_gt3_evo",
	"basicSetup":
	{
		"tyres":
		{
			"tyreCompound": 0,
			"tyrePressure": [ 47, 47, 53, 53 ]
		},
		"alignment":
		{
			"camber": [ 2, 2, 5, 5 ],
			"toe": [ 36, 36, 20, 20 ],
			"staticCamber": [ -4.4148626327514648, -4.4146199226379395, -4.4503307342529297, -4.450289249420166 ],
			"toeOutLinear": [ 0.0016953470185399055, 0.0016953888116404414, 0.00020195449178572744, 0.00020195094111841172 ],
			"casterLF": 15,
			"casterRF": 15,
			"steerRatio": 2
		},
		"electronics":
		{
			"tC1": 6,
			"tC2": 8,
			"abs": 6,
			"eCUMap": 1,
			"fuelMix": 0,
			"telemetryLaps": 0
		},
		"strategy":
		{
			"fuel": 18,
			"nPitStops": 1,
			"tyreSet": 0,
			"frontBrakePadCompound": 1,
			"rearBrakePadCompound": 1,
			"pitStrategy": [
				{
					"fuelToAdd": 20,
					"tyres":
					{
						"tyreCompound": 0,
						"tyrePressure": [ 47, 47, 53, 53 ]
					},
					"tyreSet": 0,
					"frontBrakePadCompound": 1,
					"rearBrakePadCompound": 1
				},
				{
					"fuelToAdd": 20,
					"tyres":
					{
						"tyreCompound": 0,
						"tyrePressure": [ 47, 47, 53, 53 ]
					},
					"tyreSet": 2,
					"frontBrakePadCompound": 1,
					"rearBrakePadCompound": 1
				}
			],
			"fuelPerLap": 2.6500000953674316
		}
	},
	"advancedSetup":
	{
		"mechanicalBalance":
		{
			"aRBFront": 6,
			"aRBRear": 6,
			"wheelRate": [ 4, 4, 9, 9 ],
			"bumpStopRateUp": [ 7, 7, 2, 2 ],
			"bumpStopRateDn": [ 0, 0, 10, 10 ],
			"bumpStopWindow": [ 1, 1, 20, 20 ],
			"brakeTorque": 20,
			"brakeBias": 55
		},
		"dampers":
		{
			"bumpSlow": [ 30, 30, 25, 25 ],
			"bumpFast": [ 30, 30, 31, 31 ],
			"reboundSlow": [ 15, 15, 23, 23 ],
			"reboundFast": [ 30, 30, 31, 31 ]
		},
		"aeroBalance":
		{
			"rideHeight": [ 5, 6, 10, 18 ],
			"rodLength": [ 55.672611236572266, 55.672611236572266, 32.541851043701172, 32.541851043701172 ],
			"splitter": 0,
			"rearWing": 7,
			"brakeDuct": [ 4, 4 ]
		},
		"drivetrain":
		{
			"preload": 2
		}
	},
	"trackBopType": 9
}