{
	"carName": "mercedes_amg_gt3",
	"basicSetup":
	{
		"tyres":
		{
			"tyreCompound": 0,
			"tyrePressure": [ 10, 20, 15, 20 ]
		},
		"alignment":
		{
			"camber": [ 27, 27, 10, 10 ],
			"toe": [ 28, 28, 51, 51 ],
			"staticCamber": [ -2.8775918483734131, -2.8694484233856201, -3.6420974731445313, -3.6350522041320801 ],
			"toeOutLinear": [ -9.3525479314848781e-05, -9.4367802375927567e-05, 0.00016914235311560333, 0.00016913366562221199 ],
			"casterLF": 32,
			"casterRF": 32,
			"steerRatio": 2
		},
		"electronics":
		{
			"tC1": 9,
			"tC2": 0,
			"abs": 3,
			"eCUMap": 0,
			"fuelMix": 0,
			"telemetryLaps": 0
		},
		"strategy":
		{
			"fuel": 0,
			"nPitStops": 0,
			"tyreSet": 6,
			"pitStrategy": [
				{
					"fuelToAdd": 0,
					"tyres":
					{
						"tyreCompound": 0,
						"tyrePressure": [ 0, 0, 0, 0 ]
					},
					"tyreSet": 0
				}
			],
			"fuelPerLap": 2.5
		}
	},
	"advancedSetup":
	{
		"mechanicalBalance":
		{
			"aRBFront": 1,
			"aRBRear": 5,
			"wheelRate": [ 2, 2, 4, 4 ],
			"bumpStopRateUp": [ 6, 6, 4, 4 ],
			"bumpStopRateDn": [ 0, 0, 10, 10 ],
			"bumpStopWindow": [ 10, 10, 30, 30 ],
			"brakeTorque": 20,
			"brakeBias": 57
		},
		"dampers":
		{
			"bumpSlow": [ 4, 4, 4, 4 ],
			"bumpFast": [ 4, 4, 4, 4 ],
			"reboundSlow": [ 7, 7, 7, 7 ],
			"reboundFast": [ 8, 7, 7, 6 ]
		},
		"aeroBalance":
		{
			"rideHeight": [ 3, 6, 3, 18 ],
			"rodLength": [ 12.203008651733398, 12.203008651733398, 65.486495971679688, 65.486495971679688 ],
			"splitter": 2,
			"rearWing": 4,
			"brakeDuct": [ 2, 2 ]
		},
		"drivetrain":
		{
			"preload": 9
		}
	}
}