{
	"carName": "mercedes_amg_gt3",
	"basicSetup":
	{
		"tyres":
		{
			"tyreCompound": 1,
			"tyrePressure": [ 83, 83, 105, 105 ]
		},
		"alignment":
		{
			"camber": [ 37, 38, 27, 28 ],
			"toe": [ 34, 34, 45, 45 ],
			"staticCamber": [ -1.6047381162643433, -1.5018112659454346, -1.8709069490432739, -1.7687560319900513 ],
			"toeOutLinear": [ -0.00042092453804798424, -0.00042161930468864739, 1.9715609596460126e-05, 1.9630639144452289e-05 ],
			"casterLF": 44,
			"casterRF": 44,
			"steerRatio": 6
		},
		"electronics":
		{
			"tC1": 11,
			"tC2": 0,
			"abs": 10,
			"eCUMap": 0,
			"fuelMix": 0,
			"telemetryLaps": 0
		},
		"strategy":
		{
			"fuel": 0,
			"nPitStops": 0,
			"tyreSet": 0,
			"pitStrategy": [
				{
					"fuelToAdd": 0,
					"tyres":
					{
						"tyreCompound": 0,
						"tyrePressure": [ 0, 0, 0, 0 ]
					},
					"tyreSet": 2
				}
			],
			"fuelPerLap": 2.5
		}
	},
	"advancedSetup":
	{
		"mechanicalBalance":
		{
			"aRBFront": 3,
			"aRBRear": 4,
			"wheelRate": [ 1, 1, 2, 2 ],
			"bumpStopRateUp": [ 10, 10, 7, 7 ],
			"bumpStopRateDn": [ 0, 0, 10, 10 ],
			"bumpStopWindow": [ 22, 22, 62, 62 ],
			"brakeTorque": 20,
			"brakeBias": 12
		},
		"dampers":
		{
			"bumpSlow": [ 3, 3, 5, 5 ],
			"bumpFast": [ 4, 4, 5, 5 ],
			"reboundSlow": [ 4, 4, 2, 2 ],
			"reboundFast": [ 5, 5, 3, 3 ]
		},
		"aeroBalance":
		{
			"rideHeight": [ 0, 6, 0, 18 ],
			"rodLength": [ 9.9727268218994141, 9.9727268218994141, 65.274795532226563, 65.274795532226563 ],
			"splitter": 9,
			"rearWing": 10,
			"brakeDuct": [ 2, 1 ]
		},
		"drivetrain":
		{
			"preload": 5
		}
	}
}