{
	"textSize": 0,
	"textZPos": 0,
	"scaleUpdateFreq": 0.019999999552965164,
	"textMinSizePerc": 0.029999999329447746,
	"textMaxSizePerc": 0.039999999105930328,
	"minVisibleSizePerc": 0.0010000000474974513,
	"pingUpdateFreq": 3,
	"textScalingEnabled": 1
}