{
	"carName": "audi_r8_lms_gt2",
	"basicSetup":
	{
		"tyres":
		{
			"tyreCompound": 0,
			"tyrePressure": [ 38, 38, 30, 30 ]
		},
		"alignment":
		{
			"camber": [ 5, 5, 0, 0 ],
			"toe": [ 25, 25, 65, 65 ],
			"staticCamber": [ -3.1675047874450684, -3.1675205230712891, 1.79600989818573, 1.7960022687911987 ],
			"toeOutLinear": [ 0.00039920606650412083, 0.0003992070269305259, 0.00027522147865965962, 0.00027521749143488705 ],
			"casterLF": 15,
			"casterRF": 15,
			"steerRatio": 2
		},
		"electronics":
		{
			"tC1": 6,
			"tC2": 0,
			"abs": 6,
			"eCUMap": 0,
			"fuelMix": 0,
			"telemetryLaps": 0
		},
		"strategy":
		{
			"fuel": 60,
			"nPitStops": 0,
			"tyreSet": 0,
			"frontBrakePadCompound": 1,
			"rearBrakePadCompound": 1,
			"pitStrategy": [
				{
					"fuelToAdd": 0,
					"tyres":
					{
						"tyreCompound": 0,
						"tyrePressure": [ 38, 38, 30, 30 ]
					},
					"tyreSet": 2,
					"frontBrakePadCompound": 1,
					"rearBrakePadCompound": 1
				}
			],
			"fuelPerLap": 2.5
		}
	},
	"advancedSetup":
	{
		"mechanicalBalance":
		{
			"aRBFront": 2,
			"aRBRear": 0,
			"wheelRate": [ 1, 1, 1, 1 ],
			"bumpStopRateUp": [ 3, 3, 2, 2 ],
			"bumpStopRateDn": [ 0, 0, 10, 10 ],
			"bumpStopWindow": [ 0, 0, 0, 0 ],
			"brakeTorque": 20,
			"brakeBias": 65
		},
		"dampers":
		{
			"bumpSlow": [ 13, 13, 16, 16 ],
			"bumpFast": [ 0, 0, 0, 0 ],
			"reboundSlow": [ 13, 13, 16, 16 ],
			"reboundFast": [ 7, 7, 9, 9 ]
		},
		"aeroBalance":
		{
			"rideHeight": [ 0, 6, 0, 0 ],
			"rodLength": [ 23.817924499511719, 23.817924499511719, -54.71868896484375, -54.71868896484375 ],
			"splitter": 0,
			"rearWing": 4,
			"brakeDuct": [ 4, 4 ]
		},
		"drivetrain":
		{
			"preload": 4
		}
	},
	"trackBopType": 36
}